idade,frequencia,nota_media,horas_estudo,renda_familiar,acesso_internet,faltas,extracurricular,distancia_km,cor_favorita,risco_evasao
22,64.24026768186282,9.941668123534507,13.366457854468155,14830.53104646939,nao,10.016407341742589,nao,36.85358638667913,azul,baixo
28,100.0,7.187223851087102,31.08162539330495,9832.204844963517,sim,40.38896972873186,nao,51.85887179056776,amarelo,baixo
38,13.497873354876726,4.408185663851751,10.194484935033962,13656.110214745759,sim,60.0,nao,65.2221064872448,vermelho,alto
40,100.0,6.091109304533432,40.0,5373.933660054434,sim,6.130804547170602,nao,10.440101129374737,amarelo,baixo
41,65.75662598977047,6.4022982250087095,31.133126965205598,12326.88147949308,sim,17.600143734847936,nao,30.369341156133622,laranja,baixo
28,67.24576972305155,1.0275897447455309,9.675839335392455,1894.5077697107417,sim,54.80659837202308,nao,37.105139978214396,amarelo,medio
45,9.774126218586183,4.395357401140658,18.847740382044663,9515.639347182927,nao,60.0,nao,71.90303117898782,vermelho,alto
41,6.4182356096842685,7.184754616997387,36.68005089383459,11573.20473957627,sim,2.0336150643789743,sim,21.950768416206998,vermelho,baixo
36,37.577991293644445,3.1785449236607835,15.419876034261748,10334.660075503934,sim,60.0,nao,19.131403634761853,laranja,medio
26,76.05102764642126,2.3041301508101952,40.0,13256.800291703246,sim,0.015864249050087764,nao,75.3261482187147,amarelo,baixo
42,2.91260508220674,1.112929553144495,29.323991589443573,14833.508848201865,sim,41.352383003923194,nao,71.65583705594979,roxo,medio
27,30.35882015870893,9.677591093565498,40.0,12908.7378822351,sim,0.0,nao,41.05464670054231,amarelo,baixo
24,8.203102405978365,0.8318879346613617,17.96523254585412,1639.1332391111964,sim,60.0,sim,45.81142824924677,amarelo,alto
18,78.17817262293455,1.1842870123101283,21.076129520458657,11136.849909576553,sim,9.580305855919235,nao,42.53288190115864,vermelho,baixo
30,23.461417386430366,0.52917046914292,7.618190510219744,2037.9484432120025,nao,49.965906192010124,nao,44.34853449730952,vermelho,alto
24,4.17401170177315,2.6114686120263437,20.229114192271453,854.2033045657295,sim,34.52663567374792,sim,66.37782930572995,vermelho,medio
28,92.62583767178941,6.565401771207888,3.9736766907786745,4619.217030735889,nao,0.0,nao,23.788922504677785,verde,baixo
28,7.373346973254802,4.187453945012461,11.949517252638602,6825.015779565411,sim,60.0,nao,79.15454126237053,vermelho,alto
24,16.788679942974046,6.609645566351728,19.358695125771504,9925.980138948415,nao,54.569498494378976,nao,67.36125292053953,azul,medio
43,85.31429746040979,8.148578052930237,16.511635289590327,10040.913375334212,nao,2.963606974685984,nao,64.32765357068743,roxo,baixo
17,72.4749446487015,10.0,6.923540217261041,14584.880131941918,sim,31.836525143231412,sim,14.441458271393888,laranja,baixo
24,60.27460169550361,8.329281043453737,5.311775542191981,4529.994124900854,sim,35.15829764431016,sim,20.997646809701163,verde,baixo
43,46.2947784072969,0.7335946808914411,9.061815055043851,5854.821907886909,sim,37.48133270009552,sim,63.31708327116152,vermelho,medio
36,88.48862473125828,5.93490873510159,38.333371700376645,5583.135126427666,sim,7.489744455423374,nao,66.9810405710807,azul,baixo
31,96.11391536188796,6.755716448691854,40.0,11424.325064901765,nao,47.379205603251656,nao,75.21465530016661,verde,baixo
18,69.29835250873508,6.099075527874945,12.926173401176989,12006.084021559986,nao,14.71188442504976,nao,24.57911694781764,verde,baixo
39,23.937708048209082,2.4117819077579576,18.606377696756475,13459.016221853795,nao,51.89464380649959,nao,54.04970476785947,azul,alto
28,77.62180340024686,1.1855780791580661,30.52720880045985,6463.471621792958,sim,3.603642939797796,nao,69.65071051867925,vermelho,baixo
30,2.938974500673469,2.714169967169528,25.739587617681174,6959.967274017759,sim,31.86125430569392,sim,66.91987924944269,azul,medio
33,0.19462682877349202,3.6594567821896584,11.354292704576071,12140.024467835068,sim,60.0,nao,69.04072368537815,laranja,medio
26,88.97530933668546,1.8494928943991855,19.31324551780732,1967.3403047072995,sim,0.0,nao,9.131197544770568,laranja,baixo
17,6.338775576051145,2.18367499885052,29.86441472112771,12967.609892266337,nao,31.35826194930366,sim,68.12754554433752,roxo,medio
44,100.0,8.409605770197384,13.800145277786118,4539.084129295441,sim,10.713797220198348,nao,78.16253412361408,laranja,baixo
30,30.441860864776647,8.86548083623911,40.0,5052.09784898479,nao,0.0,nao,22.217526988067505,vermelho,baixo
45,80.64313623542392,10.0,3.765646151609758,6286.15451984608,sim,13.511497784544733,sim,62.399066152843545,amarelo,baixo
44,15.091438609682905,4.300634082089619,1.0467775157301662,5246.900326405409,sim,23.001114609266732,sim,64.01650781468634,roxo,alto
18,7.9802770935327905,2.3678694421754427,19.055950552025887,13214.019482764592,sim,60.0,sim,34.07501667735516,amarelo,alto
31,51.29728270486058,6.398256176594156,0.8818333726952188,13285.614971969302,sim,60.0,nao,72.18107146367562,azul,medio
44,25.17450485977224,7.741595105656692,13.332583582536047,3998.1765722125547,sim,52.8646458175959,nao,26.559863539021215,vermelho,medio
42,100.0,9.897268205743439,32.69577054670915,13982.108966449794,sim,27.32237374225963,nao,49.53912256428653,azul,baixo
75,58.537176097048544,8.701311743526748,26.059955957464506,1241.8415188264792,nao,2.601760970976896,nao,31.19197970328645,laranja,baixo
28,15.415864838622603,4.198944297282853,8.10041598160643,11566.22715728683,sim,60.0,nao,17.607094149710925,amarelo,alto
23,90.55623502321399,10.0,40.0,9882.398968723082,sim,43.13718585450639,nao,36.43065083844861,amarelo,baixo
33,63.4044145556651,7.019653670591512,40.0,14710.983353481144,nao,16.119453287314172,nao,55.817304604263434,laranja,baixo
45,51.63749255740248,3.008207117929942,1.222623182774183,13564.391700888542,nao,60.0,nao,55.101003264909224,laranja,medio
19,81.2602010859578,3.3815138110411724,14.760435487649543,8720.947802257193,sim,0.0,nao,3.7428675977414816,laranja,baixo
23,69.46378746090704,6.888837694939254,40.0,12516.877182187594,sim,49.69888215950558,nao,6.618723169893661,laranja,baixo
39,40.281182039749154,2.0481242548292977,20.795818224680428,1479.1976495962977,sim,37.53780876263792,nao,55.97641648795809,amarelo,medio
21,60.73247476312164,5.128520530618696,12.092670634999765,6218.889546114241,sim,9.116537765816432,sim,24.602383639236507,vermelho,baixo
18,9.955906668222736,0.618568523910298,28.056054458983787,14584.649398923517,sim,60.0,sim,2.5422787485859555,roxo,medio
23,100.0,5.384666027075862,31.52181310518092,8525.035424395071,sim,0.0,nao,55.46681229877653,roxo,baixo
29,48.026747144642975,5.0277240581083005,31.457603979908125,14294.441091614402,sim,0.0,sim,62.52923833571192,amarelo,baixo
40,59.16307893261659,8.899097016815412,6.39448204354059,6272.3375392725375,nao,8.605072300565304,nao,55.73560891493989,verde,baixo
37,55.21853877738661,0.46336368447038634,24.756023022467044,802.675273703463,sim,57.181463983688886,sim,79.57473321571898,vermelho,medio
31,,0.8100693894579231,8.763446928239754,1597.1326685101822,sim,60.0,nao,10.55722556991694,laranja,alto
25,13.149770241700388,6.243965660368701,6.6168337476696975,2373.47306295326,sim,40.763214868757686,nao,54.33593209609355,verde,medio
24,82.56360122100467,7.418122929347288,13.219678154669651,4001.230327584453,nao,0.0,sim,15.847641337623166,verde,baixo
40,14.578502549615479,5.210937687905969,17.843299121308082,8021.825910155614,nao,53.927356410577346,sim,44.90045424599393,azul,medio
26,100.0,6.880289670083777,29.298824222119862,13635.56928969732,sim,15.775756614563882,nao,15.459953218733453,amarelo,baixo
30,68.804045000632,8.211680797583023,18.675853542644038,3364.4432940892725,sim,30.7729956280345,nao,25.572164423365003,roxo,baixo
30,49.074621250259185,1.1821126516656553,40.0,14770.532442547217,sim,,nao,69.45354362612034,amarelo,baixo
18,3.5172350843414937,3.4145364532389153,12.735822755890858,6536.485843836985,sim,21.38891817832936,nao,35.715353743723895,vermelho,medio
39,26.69936132039896,2.081866943612219,24.95589339754266,9511.318568676303,sim,40.76358365570656,nao,64.44207308608456,amarelo,medio
44,85.68768986683371,7.82525120313224,12.660854357053099,7122.494794443992,sim,30.39478636127189,sim,36.59544446959106,verde,baixo
33,15.420042388069222,6.067948896665037,19.960051897125407,1564.786539371971,sim,3.4934130089547484,nao,35.05413733330842,vermelho,baixo
26,13.71494978304805,4.829772253841113,14.37836785728862,4426.871482530118,sim,58.28518731938169,sim,12.664312008449148,amarelo,medio
38,100.0,9.983412355141107,37.66450842318638,13257.11703213175,nao,4.623768951460507,sim,42.37711728866941,amarelo,baixo
28,5.725935322997854,10.0,2.270406200782782,2578.316700146145,sim,4.748446358369181,sim,45.25505377128046,azul,baixo
28,89.94939599712865,8.406772221770238,10.252014581789622,2617.432561176927,sim,0.0,nao,51.84840276272987,roxo,baixo
33,0.7296992571344418,1.8834768099339938,2.825560985510116,10105.010217621546,sim,50.985463293116666,nao,7.011986895572262,amarelo,alto
38,100.0,8.322214651948528,19.89136657268843,12486.009936345103,nao,13.846889413945497,sim,35.389322648193506,azul,baixo
43,9.444661324696174,1.645256826849355,19.233314719096263,7692.0975608703975,sim,45.48629182550317,nao,48.43850004207563,roxo,alto
39,76.72336283690908,6.678707883114269,40.0,4926.343349250243,sim,0.0,nao,15.600718435089265,amarelo,baixo
32,22.346958865646286,2.218125165574189,26.077788739531577,2592.803715655111,sim,41.54537317354809,nao,75.51426267811662,roxo,medio
17,98.61487642133389,9.208851401993563,30.979037865825752,3580.939538734248,sim,9.622678649109066,sim,38.61707784615476,amarelo,baixo
35,64.4716100056884,10.0,35.143744744543554,6081.443884419481,sim,27.64919430705676,nao,16.9867179429513,amarelo,baixo
17,23.083292982828706,1.4837832766137797,0.07752044534947156,12826.24593885755,sim,41.00739634768949,sim,34.36982911174753,laranja,medio
44,40.45330863000469,3.414311242693995,17.641751342702378,5300.299178298218,sim,60.0,nao,40.98402775096645,verde,medio
30,54.233832155884706,6.247177266584518,18.420284503128276,9691.701636622563,sim,24.31473223103604,nao,66.65634852773395,azul,baixo
42,4.996433429311272,7.294688279679289,17.464446893399167,3927.1992795578744,nao,42.801115305957325,nao,25.438604107226794,verde,medio
39,15.866064078170076,4.112919379558369,2.870847240787857,1125.6459200061968,nao,51.055778078931326,nao,62.10323820127583,azul,alto
24,25.03758680406291,2.4850597441062448,4.715841879184197,4624.504435888755,sim,53.7994785219828,nao,35.52921971970658,amarelo,alto
42,74.82694619428824,2.607403711616599,19.38270370387524,7394.951954402707,sim,50.73386350467043,nao,69.81240577408444,amarelo,medio
39,52.13422133859256,4.650387267813779,5.881710591981798,11217.344786600837,sim,0.0,nao,22.391412179714152,azul,baixo
41,,6.868651832948921,32.092100736573634,8721.046725394659,sim,41.67917754890545,nao,39.40792041774513,amarelo,baixo
45,74.19046612054714,6.055652366581877,3.594904881704211,2939.600729480259,nao,14.0565057483828,sim,2.3324148817671198,roxo,baixo
26,51.07795703226817,0.5459976428327327,10.457210017259115,11410.518145936934,sim,49.908771654304324,nao,58.492587556393374,laranja,medio
17,10.474821550761053,7.774600957647675,26.317592852031044,4019.5714375138514,sim,3.907015417361002,sim,61.399906447256434,amarelo,baixo
17,65.57382036408129,0.37556285718250404,10.116813982662611,,nao,54.36449378987871,nao,10.110913792453369,roxo,medio
27,32.20178670077448,1.3584348553450205,11.132741158734344,11974.975915830863,sim,45.822484981447595,sim,52.16744495053205,laranja,alto
20,0.9041235760889688,10.0,29.878543880523864,12247.981510253829,sim,14.457971478779346,sim,53.30142891832308,laranja,baixo
32,12.504806999503737,1.9803196448270015,5.9656883332588775,14372.707668834682,sim,36.345733915049706,nao,4.888373409570583,amarelo,medio
24,17.491230866235092,5.871279351629614,23.637059648767952,13598.403353000012,sim,60.0,nao,39.917689353101274,vermelho,medio
26,100.0,5.925351129619346,34.81933603896602,5956.030460202948,sim,16.303098801845678,nao,31.830734044561844,azul,baixo
44,95.3147339959755,9.49808880669881,11.011278234604875,9623.09186100012,sim,13.088217033266194,nao,3.8473848329628346,amarelo,baixo
32,5.32467714349913,3.478571464248751,16.436128878021737,10117.103055892247,nao,60.0,sim,60.50674156663093,amarelo,alto
38,20.54708454908503,0.6040269104311138,18.976215996789186,10531.231828845403,sim,18.628861018888824,nao,22.247961205308513,verde,medio
24,76.36843169352134,9.620495352861829,34.06048561926965,14693.241358968462,sim,3.7216645640218875,nao,54.508241059307906,azul,baixo
37,15.375135753992794,-5.0,2.2388944301124516,2507.5106164657936,sim,27.807200921191036,nao,52.23597265102738,amarelo,medio
37,100.0,10.0,40.0,12190.253925411742,sim,0.0,nao,69.84870742113822,verde,baixo
36,56.243306210247894,2.9175779956584473,21.529073577258885,5603.336095719347,sim,57.116128690960906,sim,79.18051307274678,amarelo,medio
21,100.0,9.659392393733425,39.22118430588088,9720.981168578595,sim,15.7765155279418,sim,74.60356714819608,amarelo,baixo
19,49.36246860680143,8.869336687976986,32.06343825684865,6303.852287055327,sim,11.302463387117495,nao,19.699532877648007,vermelho,baixo
34,64.13082044790276,6.037862259893084,23.005316696994814,3157.6872505099755,sim,39.03513868200927,nao,50.672939219370164,azul,baixo
36,11.773326203714529,7.15937152982272,5.709745884572034,12449.36060577542,nao,59.10217398888024,nao,10.198854411219695,azul,medio
23,1.2870826373812676,2.220697381035345,12.551993660029583,9299.148374717992,sim,38.89296041655126,nao,6.125460674683119,roxo,medio
44,8.365231643140566,4.420994890657514,2.835487870542037,4810.518761348467,sim,57.51228617182653,nao,52.17882825059526,verde,alto
23,6.20613150264796,0.41276645326968,21.464727212978232,9599.732050831703,sim,33.44092665915635,nao,27.002597270705515,azul,medio
41,38.37427601604459,0.2789212818705993,13.70575934641106,11203.420332751826,sim,49.239645540388075,sim,67.18562817627907,verde,medio
27,6.246330839644473,2.902063157327564,6.933927372829398,9935.785554747337,sim,53.903484193852776,nao,25.94766461560446,verde,medio
19,70.96459071612676,0.9139034073631747,2.656667526697242,826.6943460537311,sim,60.0,sim,35.245882240984585,verde,medio
33,15.129784674767688,2.0200699975070577,25.54345912653796,14520.656432036534,sim,30.68688520435882,nao,23.84605204198582,laranja,medio
18,100.0,4.498452309924367,18.873102135991584,14542.13345486812,sim,0.0,nao,12.054998960066703,laranja,baixo
22,1.6427006707150316,4.5534309912785655,15.668454518832293,5838.747315647844,sim,60.0,nao,11.544736057728242,verde,alto
18,63.82289756258087,3.3829316934499953,40.0,4382.762947719573,sim,9.653129910807944,sim,63.20118732479056,vermelho,baixo
33,100.0,3.868260334026853,38.061819514453,14688.477815224105,sim,0.0,sim,48.197586456276404,roxo,baixo
33,83.00572766026944,7.412286482196954,30.20846676966548,11097.21133122583,sim,0.0,sim,6.561894816917668,vermelho,baixo
26,28.255422745345555,0.9641806302917155,11.402235268116158,8586.152288915224,nao,31.351285555552685,sim,8.890971786560993,laranja,medio
44,28.588338288477534,8.462903051754026,13.131444667921802,8449.478476271155,sim,13.509437797010001,nao,18.9715572782169,azul,baixo
32,62.00355089118799,9.930458617049005,24.449494820226583,14429.536556678191,sim,0.6732874429414064,nao,12.482864907198152,vermelho,baixo
17,49.344806504662344,8.721512760375337,40.0,11977.197756942778,sim,8.771789651307799,sim,72.86421367758506,vermelho,baixo
25,88.91686330928019,10.0,40.0,7845.562654407716,sim,0.0,nao,17.09585132562627,azul,baixo
41,2.3853511113873846,4.1460829334111375,10.306814243271118,7155.961752547081,sim,58.43135912747128,sim,57.94036219993066,roxo,medio
39,16.69323131782729,5.465470851563851,3.9814396145783215,,sim,26.14117880789863,nao,73.35536385607327,verde,medio
24,66.1905447052884,0.507902533666152,40.0,5712.0703545240585,nao,14.699327627402145,nao,19.72159245103864,verde,baixo
25,69.73951454169915,7.436646569847378,28.569540398383573,12913.872652331836,sim,1.2148664365076982,sim,66.18852438609164,roxo,baixo
45,38.477063059141706,6.83555238112827,40.0,6661.20803557757,sim,0.0,nao,63.72068157789667,vermelho,baixo
18,88.45208470116229,8.10664382142296,31.71125388593212,1507.7567945177702,sim,22.444074027986254,sim,7.193299588776183,amarelo,baixo
25,100.0,9.488734311360588,40.0,11538.958142058627,sim,0.0,nao,17.21635837865542,verde,baixo
42,57.737447286755184,7.1637799037538645,35.36686041737948,1274.0471453666134,sim,32.05205815168592,nao,29.020288031932164,azul,baixo
42,3.234918664687907,1.6607320632746947,15.67665106837724,1973.1708211216153,sim,60.0,sim,45.95494046977646,azul,alto
42,22.474667685750944,2.03196154136761,2.915131364895034,12374.681059621224,nao,47.797619196367805,nao,71.48756691601052,laranja,alto
27,87.66589641711617,6.880763548907909,40.0,13133.4313897481,sim,19.742225013913462,sim,6.137826148230818,laranja,baixo
37,3.5363289346258635,0.35014852873735514,11.870771382462944,10231.468385976927,nao,52.9763761118454,sim,7.963721024702011,laranja,alto
21,100.0,5.417252705978865,35.786809025062965,3169.768673539167,sim,6.286314658052014,sim,49.54747633095291,laranja,baixo
34,30.53457692015644,1.1004860704054853,4.071565606844853,2149.1661256907264,sim,58.126618739571356,nao,33.660896141274065,vermelho,alto
29,,6.208191957444224,40.0,11912.663545889,sim,0.0,nao,60.11623555674749,verde,baixo
28,85.75141250159425,9.665055767774863,32.515842331125285,11930.566010100969,sim,13.567626548560604,nao,19.20565923900532,verde,baixo
24,63.1517306258986,0.1841808383011001,26.88663908055115,1305.1063119047865,sim,59.76349761751075,nao,59.85286611101485,laranja,medio
39,37.36238899844197,3.6955428046047007,11.205290491151628,8593.508925424834,sim,41.182255773669056,nao,40.0568740669337,verde,medio
37,0.61218161161539,1.4979795588323852,10.096897637860355,980.551437813888,sim,54.4304752462708,sim,67.58898619917062,amarelo,alto
22,4.270242637435375,0.011696953128891296,10.913737769909469,1613.3795653022516,sim,60.0,nao,22.37967742152568,azul,alto
34,53.02353459325943,3.4659739917732453,7.980578340161422,5639.582937015822,sim,60.0,nao,78.86442566801647,amarelo,medio
18,81.79364027673478,9.97042824013252,30.83175679125266,11356.617762287851,nao,22.670346142953676,sim,41.46209411581171,verde,baixo
19,90.8497442450947,6.098049025301352,27.169014106838155,3398.8193081331256,sim,46.476346894511096,nao,9.382411824035604,azul,baixo
21,57.1452836146817,10.0,27.37795809599661,9503.18228423968,sim,0.0,nao,51.588897825198394,laranja,baixo
40,72.71526503356192,0.833975728414476,28.42051387893116,14180.878533359339,sim,60.0,nao,62.56406154110066,verde,medio
41,20.321823188634742,6.0722867643108,4.469755679105841,6071.140733237976,nao,60.0,nao,58.71243016014955,vermelho,medio
18,90.83989586066744,5.981933263605415,40.0,4029.214841231581,sim,23.32972544635161,sim,34.748919851297416,roxo,baixo
45,10.411858008151528,3.748315334148675,18.07659491528595,14613.423785067618,sim,10.795062010234632,sim,52.15206924499685,verde,medio
24,73.63806662328983,3.388774899363863,2.4752560332126383,13429.351009029588,sim,48.19231880520126,sim,28.923311900323085,vermelho,medio
44,88.78905125368493,7.282268911476046,40.0,6128.690643085862,sim,45.860598253117985,nao,75.4539858369028,verde,baixo
35,87.60471798741821,5.529625248024346,22.55007736573222,5375.460148913722,nao,5.229264689401692,nao,73.03139557892604,roxo,baixo
20,54.87181939364743,9.085973326926997,6.459438269859087,2296.2189821298443,sim,0.0,nao,63.159383873924185,verde,baixo
43,14.214498072735836,0.08930946239159687,2.6760747255897743,8941.560708020095,sim,60.0,nao,29.601961931425276,vermelho,alto
27,7.291355139038322,4.5325685972229,15.371996095770168,5010.154894223077,nao,60.0,nao,10.189557875830486,amarelo,alto
31,24.611450060604895,2.740194057428347,16.027266179293353,7191.766940360587,sim,49.54682586817159,nao,7.898976550613268,azul,medio
41,1.2926380443860186,0.43352605931091803,16.943347227451483,4715.221913956842,sim,50.09092768878403,nao,16.687069419284057,amarelo,alto
38,100.0,10.0,7.238297280111552,13162.68199463232,sim,0.0,sim,9.564959820164516,azul,baixo
44,55.760857552753365,10.0,40.0,6318.869740543828,sim,0.0,nao,24.94417095646149,laranja,baixo
31,30.00197390593256,,17.206246875436943,10137.356441447928,sim,11.15615635573149,nao,62.47710909155482,azul,baixo
27,13.80330511289547,3.1488896149807655,8.023758280779653,13536.802612014188,sim,60.0,sim,62.19643737459084,roxo,alto
37,4.667842565667253,0.5109680984685949,7.729216823182943,10730.278326792091,sim,47.55135402395371,nao,78.03784226512175,roxo,alto
17,18.81453955099959,1.4905670359529655,16.590043577758756,1775.7222217594021,sim,37.49407902357003,sim,17.46078981549836,laranja,medio
30,100.0,9.982624709121367,8.874567444599917,3901.893196942961,sim,37.36593165171147,sim,47.88760859237367,azul,baixo
38,83.2461128884006,6.984024155020719,32.723537912558285,1718.5538879148685,nao,45.9876340644985,sim,13.28420171852291,verde,baixo
18,29.91156760835959,0.9824862547658704,28.311046635635783,6652.259209731356,sim,56.38534250184797,sim,9.256105454424173,amarelo,medio
37,100.0,7.071928026255526,18.605670248270112,13330.924054476618,sim,14.400444199914986,sim,46.806275376496245,roxo,baixo
19,70.5968010954068,6.4716282929489,21.04951831243039,5633.762975563819,sim,10.140429982343576,sim,73.92861727290236,roxo,baixo
29,87.79773063595682,6.936770125035265,40.0,3554.144915202403,sim,33.6049534500918,nao,25.186066348131906,vermelho,baixo
43,17.984051936805244,1.6446384670051,17.798359449305362,10276.375652259283,nao,32.61913251557681,sim,71.67073449541276,vermelho,medio
19,38.49946265192946,3.9847260280880463,4.8714568398696265,2915.7962533192567,sim,38.91204875647699,sim,35.38018212156473,roxo,medio
36,54.8400263138014,10.0,40.0,11971.854759193004,nao,33.87899118219777,sim,15.811137647290412,azul,baixo
29,28.32966646322211,6.785024763735068,10.777522437487367,8243.060224311503,sim,42.8020312334061,nao,8.609134780788708,azul,medio
41,9.543874391613608,1.619950305533998,8.988676704274754,,sim,22.724196888121554,sim,52.64439870889766,amarelo,alto
43,68.57676302460128,4.069520830454368,31.231696212404277,9853.256355477262,sim,10.676245066853578,nao,74.15330770648865,azul,baixo
18,28.407946946346698,1.513772318280047,7.171659965917969,6765.685935437695,sim,18.663257928020034,sim,7.3679003359671835,azul,medio
44,17.812985346935243,6.696631925624235,4.778623357284154,11307.806690935688,sim,,nao,75.74048281389625,azul,medio
25,88.44426681492106,8.529399858629652,0.9037490896449412,13214.527082665376,sim,14.34507011690366,nao,15.290567075911747,verde,baixo
45,55.26168565461846,1.90952025040814,6.820719002882963,4269.62715916782,sim,48.27725576108433,nao,150.0,azul,medio
19,3.872660840588463,0.9267508542420613,21.64266201986195,3173.2745628913417,sim,16.71283699294743,nao,32.3780051063727,azul,medio
45,83.44933477279771,9.733690267117408,40.0,4002.686884945403,sim,37.852841632231964,nao,15.555811554535088,vermelho,baixo
35,57.194338095169435,8.864822248221381,31.531289110535532,4105.2366888383,nao,34.55184997042529,nao,53.32936679034979,verde,baixo
39,50.46429343980901,0.43236289187199994,18.76017099375119,7334.304155735843,sim,0.32663616936666173,nao,37.67600470180116,roxo,baixo
24,51.22365475628493,3.772259680820102,19.622273861159943,14844.20268857247,sim,54.96342716806954,nao,78.01439807804067,vermelho,medio
26,100.0,2.094232096448207,20.66370740014885,3374.733774942174,sim,6.001189507966101,sim,36.35225235839623,roxo,baixo
32,26.63282274594786,1.9622842580426765,15.205152954614478,4411.372132732097,nao,12.100474888408339,nao,51.592232423388474,verde,medio
18,100.0,3.564274652089025,28.251627214890995,14892.298686950477,sim,14.936233754440128,nao,17.91860366920649,laranja,baixo
44,12.725992792167416,0.04203054846707932,0.4400117113879143,2665.161595657675,sim,60.0,sim,53.023701936777734,verde,medio
19,28.349069259169084,5.064784506859581,7.324418712671228,6074.192426597249,sim,19.541500224415678,nao,66.41207863983345,vermelho,medio
32,36.47681114967058,1.1673765922811636,28.284934242397853,7515.139285914849,sim,60.0,sim,8.896699787057498,amarelo,medio
19,100.0,10.0,40.0,11303.332470320045,sim,15.163376700018297,nao,71.55235109188058,amarelo,baixo
30,28.91584386487103,0.897486617119167,18.654614809525096,11636.80513587623,sim,60.0,sim,47.384109684967655,azul,alto
28,59.38633796022247,0.0758834690279846,23.81231551141549,3868.4844352313667,sim,51.38673095488727,sim,48.2553732491734,amarelo,medio
34,5.107589176898625,4.03425074481293,8.84048747565715,13293.39410037553,sim,60.0,sim,3.4441922172534856,azul,alto
42,64.12155300353557,7.476924530097123,4.66056963605699,3514.907960800004,nao,36.85975361689949,sim,2.7951397124790756,amarelo,baixo
44,65.50989241979867,8.0367273113504,16.802794167654486,8043.557917483317,sim,3.229306081346383,nao,36.7720655727658,vermelho,baixo
42,78.68671624568906,10.0,5.064456412784713,6670.513579992713,sim,39.389649842531554,nao,12.502696763982097,azul,baixo
32,51.130977005632936,7.949051362511025,6.53855861394574,9311.03931241366,sim,0.0,sim,39.75164148000391,roxo,baixo
19,57.549852210510025,1.844601211295829,3.2816697201158087,13293.471178114072,sim,14.680367989948632,nao,23.902629684340127,laranja,baixo
24,65.14191727360907,2.132777058781525,9.864132105083215,11273.43363711814,nao,0.0,sim,27.649999486112122,amarelo,baixo
20,98.45122125255216,8.801597232261766,40.0,8461.698331036172,nao,15.650109879686703,sim,60.00227297137529,laranja,baixo
36,0.5468785930798914,2.2757184251807807,18.592117548439784,14709.621933420947,sim,60.0,sim,52.51086875078138,laranja,alto
21,14.008729868012544,1.332491966854411,19.57262574801061,2537.7499540175268,sim,30.32535375771556,nao,26.84986183823294,roxo,alto
17,36.30774825394185,0.700092693302245,5.106130494568637,8188.211392244888,sim,60.0,nao,4.191303647588898,laranja,alto
43,22.08704601295724,3.7938984696029574,8.906078236808423,6979.561669426066,sim,43.538838045986445,nao,17.74255825538549,amarelo,medio
19,100.0,7.971514931754634,38.83753723906278,1460.30832744893,sim,0.0,sim,46.787090535110565,vermelho,baixo
45,65.03992001662527,3.0218075795213544,23.788682838168945,3939.099874642944,sim,55.1063303823456,sim,18.518407673039057,roxo,medio
19,90.28837440465871,6.788035297184657,25.965359418888152,2752.837602401619,nao,36.379203278335204,sim,36.16692774490928,azul,baixo
33,67.67581104226036,6.570167832075102,12.670149235321064,13838.553594643408,sim,15.649739021405551,nao,10.101690968618549,laranja,baixo
28,100.0,6.44778773104041,20.795070753816123,5183.522155899373,sim,26.066161737459694,nao,2.40170657192575,amarelo,baixo
25,21.373098941222537,0.6138844483135425,7.587171798448475,12842.27863405696,sim,,nao,61.45025427047058,vermelho,alto
36,83.58017594724947,9.552388954132182,40.0,3451.470799977189,sim,33.5435546218462,nao,47.5313490205166,roxo,baixo
19,74.49668213065095,6.768373633192322,32.86480527306176,2136.9571237849104,sim,0.0,nao,25.90556599219451,vermelho,baixo
21,18.08136242472239,3.235883597454806,25.782473798417676,11024.114163216205,sim,,sim,28.1444005128282,amarelo,medio
17,29.787287437806185,0.4921362099138804,29.224938858840467,6182.185192311183,sim,25.201430203579683,nao,54.77009554119731,azul,medio
38,58.889853511054135,4.5097389316197605,29.798154304404164,1772.7767741031098,sim,0.0,nao,68.76451175343495,roxo,baixo
36,100.0,10.0,24.78816470214028,4607.57408535629,sim,4.850604388424717,nao,10.04524629098011,vermelho,baixo
40,14.165866831725019,4.957376675725241,2.396580040352927,3442.3272459962504,sim,50.81666279265947,sim,3.3975927405226525,amarelo,alto
21,93.31227404822705,6.3917756865275654,3.706574042868523,2027.2294728281602,sim,42.67906981909009,nao,26.984876332098207,vermelho,baixo
17,16.899959828439616,0.008960891840875895,100.0,12781.070034975484,sim,38.17153252263176,nao,79.10684251113315,roxo,medio
22,36.003447526385635,0.7083472849089452,5.243203284821315,13040.214099340667,nao,45.721579675516246,sim,20.286729359709533,amarelo,medio
33,53.082267567732536,8.55887099619782,,14659.070064302852,sim,37.065251480205056,sim,6.115188883155813,verde,baixo
20,3.0173818835907706,4.776181563617395,6.343914335307971,6152.181139256481,sim,56.954714940603274,nao,7.455689565015575,verde,alto
43,13.61575224209376,10.0,30.402876423014614,1212.813600884143,sim,5.168816365352033,nao,30.58018015819667,amarelo,baixo
19,56.87639297166674,9.983849246592788,31.64129345830915,5259.663288896794,sim,41.58943012347655,nao,71.54120946051312,verde,baixo
25,10.038908910047489,0.4390609171717994,20.10288103832825,7821.63206439032,sim,60.0,nao,3.6235714890461956,laranja,medio
19,28.442143872285033,0.25041850998012993,23.480881222324477,1770.4412845580975,sim,42.482176609436124,nao,12.313560782632402,vermelho,medio
18,29.055881306009134,1.485014382274411,2.9940793591391546,8536.838179000122,sim,53.81959826172573,nao,77.10585287027789,verde,alto
41,13.852172843576032,2.575868412034063,3.483866731565073,8611.305554505816,sim,21.95707690049399,nao,74.96871559357416,roxo,alto
37,69.66528148126918,10.0,23.33643383923296,5215.190806107269,sim,39.4872713766672,nao,31.858223516640933,roxo,baixo
38,2.922234923267522,7.179443278551074,12.39093523943091,,sim,60.0,nao,44.50624058056634,laranja,medio
33,37.317522683998185,0.6566756320468903,8.606743550178424,7187.759353210341,sim,51.91334474045085,nao,31.933343560881564,amarelo,alto
45,62.92001265520225,2.303436931805809,24.73542140690502,7198.799125562562,sim,39.89416002995638,sim,7.373436677794585,azul,medio
20,3.568173148482248,2.718894539986996,1.8585828875877985,11586.070223627772,sim,60.0,sim,73.94034196824927,vermelho,alto
35,5.909563676249068,0.02541069909012983,8.45378226792379,14712.910901534211,sim,39.9820923083239,sim,20.290844441123063,azul,alto
28,100.0,0.5103316306322229,17.345616572554423,11304.170715614677,sim,0.0,sim,58.147106483859005,laranja,baixo
28,17.492105431839587,0.5374031993256807,5.650472512968044,10674.902206258355,sim,31.702615291574837,nao,63.776885806301024,roxo,medio
18,100.0,1.5211764279412994,17.8179813822876,1549.816238653099,sim,14.868182932360597,nao,70.96954537789587,verde,baixo
31,92.0633823730286,2.1202655878080767,40.0,3331.1850300459105,sim,0.0,sim,33.6003259265124,amarelo,baixo
32,100.0,9.414813335748178,40.0,1831.9263768622313,sim,46.551878451207,nao,71.3054565088239,amarelo,baixo
23,6.216849127001566,5.772262888975245,25.99316002582936,8830.809501884454,sim,50.263317031594866,nao,19.82986869827389,verde,medio
41,28.283009527799972,8.577125638356089,34.09763097320613,1715.776051738179,sim,8.660149683960817,nao,26.98422691739891,vermelho,baixo
35,12.130620586928913,0.5039730150794325,4.017181797245883,7094.4778416993795,sim,33.147048768196306,sim,62.68000646762054,verde,alto
17,37.34767295039499,1.1431258076246176,15.72551913514189,11280.581551406944,sim,55.413959549053565,nao,30.723411071288034,roxo,alto
44,100.0,10.0,30.597456933711488,8724.20101711533,sim,42.769794243687585,nao,37.16905350471767,roxo,baixo
34,61.547960680796656,3.8487035871006876,25.079941913436286,11495.26016997032,sim,53.149593816674134,nao,76.98091572873254,roxo,medio
43,7.040496756096881,6.302319109715939,19.50882557620362,948.0733314431236,sim,43.119418127243264,sim,63.51435086879718,amarelo,medio
23,72.98327619525782,0.293855499412909,23.178681823481476,4725.472006284224,sim,49.89967097426642,nao,49.81858258342666,roxo,medio
30,36.125024097308646,6.553727361847184,0.5254797258618671,4149.177907840356,sim,36.92881874479636,nao,18.799542202775328,azul,medio
25,24.961183943436318,0.0098546813314071,9.705011847344213,1263.5686211484942,sim,51.7976362730434,sim,37.33824750143604,verde,medio
22,92.27012895784769,10.0,10.721680554958175,11460.35899939073,sim,26.73548904571068,nao,1.4708913721277828,verde,baixo
45,19.816945056158627,1.1277007122186773,0.8526641857406547,10661.196477056064,sim,50.73708543460911,nao,8.506983787858173,laranja,alto
23,200.0,7.168324335407393,19.534957097849777,7628.865210693589,sim,0.0,nao,13.066931847124579,azul,baixo
32,7.948317342223903,9.176877204648909,33.173961252430445,8723.326490713487,sim,2.7851005210884914,nao,37.12533515236038,roxo,baixo
44,100.0,7.447096899121937,4.158200506683701,2629.6517104036184,sim,44.21350660595182,nao,39.36435915059205,roxo,baixo
23,52.93736129090209,3.2204003487758444,29.19293244211039,11072.347671694466,sim,55.74897306853318,nao,34.47871215366576,amarelo,medio
17,27.87845849465686,0.04536202326362482,4.239649818044771,14882.745163783311,sim,60.0,sim,5.2649408552461185,vermelho,alto
25,38.7460777589654,1.0901155374704325,11.602244593909361,2278.750482468082,sim,52.54826020775936,sim,24.359402619916068,amarelo,alto
19,61.88495075195979,2.5659419235050196,6.624078893569174,11169.495288680071,sim,17.10490235055591,sim,56.03454393252031,roxo,medio
22,84.48704178845142,9.807450949456864,22.045130271491704,11569.635253741377,sim,17.041188496334787,sim,10.806411698060856,verde,baixo
17,7.498866537139753,7.284992028322432,23.453709895350883,11443.545879458214,sim,53.38769643295325,nao,43.79771918898549,roxo,medio
41,43.814961353562694,2.672071029961903,3.5294708542067585,8261.175758148838,sim,60.0,sim,71.29600584508819,verde,medio
20,31.28334338830837,6.344809845482407,34.456306508432654,2304.2161183306,sim,5.3185445902358985,nao,7.658324379551784,verde,baixo
42,4.1903366008012535,4.099661247055373,20.579032079489522,6513.045170549095,sim,60.0,sim,79.80982578011083,verde,medio
40,15.719577959154364,0.9629951389281521,9.583664588871999,13326.325722805253,sim,40.00775561576063,sim,70.00944356464376,amarelo,alto
36,3.607098297306577,6.85888073673999,20.74854166707958,8853.825074855275,sim,53.94483188876011,nao,10.855065423382344,roxo,medio
30,59.524494515208744,2.9197184864979993,4.9535984136405675,2952.285076544965,sim,7.7416804424962535,nao,25.415575803772974,amarelo,baixo
43,100.0,8.866319364119558,40.0,13563.632912159512,sim,39.68700974038057,nao,20.53947970478064,roxo,baixo
29,35.7162209411173,8.095380554092857,27.74262011558417,956.6489225270143,sim,11.730575287923696,nao,19.96024637461934,roxo,baixo
35,57.32578690562732,10.0,16.54180078814221,100.0,sim,35.88314848857675,sim,25.09652096416522,azul,baixo
44,28.815137353441497,3.3023484048540186,18.906262449874326,9762.62317258523,sim,42.05743311362055,nao,7.007303792475712,azul,medio
33,3.0143624140984926,2.612172880355845,10.645204266780803,2858.5040277934017,nao,60.0,sim,42.81218669442802,verde,alto
42,55.21429907802864,8.548557463276676,23.02128227253541,7214.094833089895,sim,13.136810771938883,nao,9.760593086151124,verde,baixo
45,1.834450656185318,1.2949132580090683,5.137676952914296,8645.693329914699,sim,60.0,nao,75.44495179255773,amarelo,alto
40,1.2188861093437664,0.5473443002722694,9.497730870124371,1216.971059253971,sim,60.0,sim,10.221972223199236,laranja,alto
36,3.515504981605755,3.1578041378912625,10.794652375198856,2310.0809128319993,sim,60.0,nao,11.041238961604138,verde,alto
43,23.0399367122264,1.416714741327908,0.45787649952240494,5633.397315866784,sim,60.0,nao,25.602185324991353,roxo,alto
21,41.61117064066693,0.026770896343833783,24.285899273053253,5624.840096178768,nao,52.22753865943046,nao,23.02650390812847,azul,medio
23,100.0,3.8624573572231036,23.21116961865445,10432.979284543015,sim,2.214702652781625,nao,72.12664042296541,roxo,baixo
43,69.5579921366086,6.909182134085277,14.27609320800652,6348.342791713308,sim,12.413288062860914,sim,20.08640829321342,vermelho,baixo
43,9.988884391781227,5.792826634185109,15.798713918068788,6890.193679826748,sim,60.0,nao,27.724700785323808,vermelho,medio
32,44.54123231684241,3.0688980832449744,3.661051563731851,12193.431474061552,sim,59.73227657517752,nao,18.6033065296684,roxo,medio
23,33.571620860273484,10.0,40.0,4713.695209241025,sim,0.0,sim,23.711360550022675,laranja,baixo
28,81.21238853091639,9.55252682550037,1.7777638288362252,7929.11303153595,nao,0.0,nao,66.27905071161928,vermelho,baixo
20,54.51215666629196,9.44739889518557,40.0,1055.6012630220528,sim,21.29596376068149,sim,44.08407626359459,verde,baixo
27,68.28534588024547,4.712868275767159,7.057067544059545,1054.828635672584,sim,45.01341803948911,sim,71.16612946643937,laranja,medio
37,99.35290646129903,8.741081902038117,32.92586055270013,12508.394274835857,sim,0.0,sim,5.971074486354304,laranja,baixo
32,24.302208891742914,2.327350043849918,5.594070769429584,3515.897934387131,sim,50.004807096294954,nao,65.88851366385515,vermelho,alto
32,62.83227312180134,10.0,24.590382212925473,10166.73700280534,sim,4.971462010294918,nao,61.266323138792785,verde,baixo
40,7.865187489936068,7.063250153099691,0.600790677774734,14623.094937661659,sim,60.0,nao,72.21644083562849,roxo,medio
44,55.12161695354069,4.5037466162140944,16.238132874537392,14242.258949634423,sim,0.0,nao,30.248061582996062,roxo,baixo
35,36.695824523421265,0.09213859369108734,3.075822993360622,13102.688502369057,sim,60.0,sim,38.11690169915196,azul,alto
21,69.30313193305749,0.28337894734836055,2.663021823233054,14835.507049651487,sim,31.29164984476887,nao,79.55322140470987,verde,medio
40,65.03374554072916,1.1286547902217086,20.08171204378084,11341.342318129631,sim,40.939564351387205,nao,35.512306585592924,verde,medio
42,89.30539883319575,8.866338143658002,30.013632309010905,14873.995331862512,sim,2.8036008785413724,nao,68.63640727320457,laranja,baixo
35,30.0225366682711,3.2126418914038997,21.735505541958545,2126.3932020491975,sim,42.519404493385956,nao,9.075265368313339,verde,medio
25,4.2679700045374425,1.491872154949963,9.692031740377294,8740.424256976436,sim,49.36258693824021,nao,23.65320314172953,roxo,alto
20,64.37776217815137,7.55531436199167,40.0,2670.046826302947,nao,32.878476494523454,sim,58.43939819858395,verde,baixo
40,10.734598916135221,1.1966451413405261,3.8159928806234875,3222.2631441106782,sim,46.680196132998816,nao,49.1183565018715,laranja,medio
33,65.87063758667728,9.416034898606577,14.443136434961579,1185.8852284899872,sim,43.06259282137828,nao,22.580997633034627,azul,baixo
25,49.35061399024429,10.0,40.0,11760.379711779022,sim,15.832412570431398,sim,27.58540861969358,roxo,baixo
25,30.87459107681461,0.9627100962799675,18.096582306401167,2135.3126829665825,sim,47.03494125092354,nao,32.90996571300715,azul,medio
19,44.391655411596325,2.1094704210769315,19.848970511134404,6103.168865247263,sim,52.50938184956784,nao,12.769992114573379,azul,medio
19,8.509115800969159,3.898793873940154,3.60020874945447,10215.19646390699,nao,56.57786069941412,sim,65.6341456207216,roxo,alto
29,29.400908943820724,1.2373771270658898,26.06701876621713,7356.605953295827,sim,60.0,nao,32.83966352484437,amarelo,medio
33,32.96781564310905,6.191617139379056,15.354471039456124,10509.308299194005,sim,,sim,51.03214996423692,roxo,baixo
43,6.593370445480038,2.9413187848496554,8.617241830760667,5275.691199582498,sim,60.0,nao,78.0826158880163,verde,alto
44,81.5813735880295,0.9996376719290171,30.56998729774012,10567.954360294794,sim,7.401751618934355,nao,0.6447282673695831,amarelo,baixo
45,59.58734288196932,10.0,31.487984197533912,12727.488520006993,sim,25.425865389361597,nao,40.038185269337454,roxo,baixo
19,100.0,6.124928973108764,15.644361634369265,10553.426166985413,sim,19.610059529264493,sim,-20.0,roxo,baixo
41,5.715028469937236,5.097852638315896,7.382089763939947,12796.009995261504,sim,47.67960295624589,nao,32.61726165321802,roxo,medio
22,86.21487250038643,9.071280291513558,24.926430887168294,11581.332009463968,sim,23.202811271944853,nao,29.173654098746926,amarelo,baixo
38,0.39750047982040626,3.457926271140099,6.708433034889338,3860.524136836912,sim,36.77207325865262,sim,25.464327575387784,amarelo,medio
40,14.196207618508826,1.8152960609754527,11.162804991877257,12755.979275253263,sim,46.24891559649258,sim,70.74841203646028,vermelho,alto
36,6.825156828849772,3.7384861323012206,22.99968405601218,13184.326940319166,sim,32.39558886776554,nao,7.461715742253592,laranja,medio
17,39.73800173858375,0.5975553420628321,19.989206575051192,3200.9511990550936,nao,47.93299586523694,nao,7.400035035117103,vermelho,medio
32,69.11094903097015,10.0,12.203049989600657,4746.209780933923,sim,0.0,nao,7.309928388832736,laranja,baixo
34,66.92907191405249,10.0,17.76707409863988,2403.7935594386645,sim,40.018588048637504,nao,25.818125818131072,azul,baixo
19,9.656129872473294,3.9294907269490125,2.097948171283024,13540.04604169759,sim,60.0,nao,64.4783120694067,vermelho,medio
35,3.6681658903392433,4.305340099873608,1.0339367448305392,11881.676821291298,sim,58.43813556815519,sim,18.711754517776278,verde,alto
42,37.94358987557935,8.221626462325847,40.0,5491.793655035988,sim,6.056047931702452,sim,58.59107572780439,azul,baixo
31,17.426915947115642,2.328500611594066,17.436655579462425,13520.567282680724,sim,60.0,nao,28.666772533733898,roxo,alto
39,32.90585065412543,3.6295490768422614,28.914668264470528,4602.428791934345,sim,50.73870958228252,nao,54.088402065148145,laranja,medio
42,19.567021750628545,1.4757029713508487,23.03171664200341,7843.879309254389,nao,33.179390384587954,nao,74.24814684078292,roxo,medio
40,76.3973185946739,8.421125782623418,34.914082815591954,7861.034210468572,sim,28.49791452964127,sim,4.880571440431591,azul,baixo
22,15.501326990755903,2.6749024904838574,,2332.800747979794,sim,60.0,nao,43.022634779310124,verde,medio
38,7.6214195508001605,9.14643113652962,32.102291385474665,11985.524820493463,sim,2.3240845086817608,nao,43.64656974336532,verde,baixo
36,52.36029979278671,10.0,39.12624365600977,3147.1763757764784,sim,22.958586288806238,nao,29.129022000839953,roxo,baixo
30,43.842818360886916,6.3960899529572055,20.334223679025072,4406.443218922751,sim,0.0,nao,18.058217907130192,vermelho,baixo
24,43.59790629200867,3.24198470422151,21.92488424612629,11392.137965154177,sim,60.0,nao,57.93860380895594,azul,medio
27,13.066049671841634,3.630477930312004,16.428814560197328,1339.9102449718598,nao,60.0,nao,49.355522190760155,vermelho,alto
41,68.64102957198602,3.034445587084391,13.158216494686151,4035.3623291121617,sim,60.0,nao,59.61435962956915,laranja,medio
37,89.28511715989383,1.9034858692238321,34.36264615156104,12593.589280948727,sim,3.9223897340663587,sim,41.886918817716236,azul,baixo
21,29.846898531634555,6.592885349063106,40.0,12179.41020463717,sim,0.0,nao,24.36818846193524,laranja,baixo
23,100.0,5.5749512222289805,24.95464824278781,6304.965045455598,sim,10.217883543047389,nao,62.4151414786396,roxo,baixo
39,100.0,9.661397281524016,37.09567381272438,5917.365043010936,sim,38.350671957069984,nao,39.1228620246096,azul,baixo
39,91.19464907251027,10.0,33.01792237073372,2538.5613566969623,nao,2.920662882953158,nao,24.630910561299952,verde,baixo
17,72.33382584279582,7.34791793134401,5.663753776030035,14642.652069491789,sim,46.11782591271966,sim,43.79318723037807,vermelho,baixo
26,13.624982778569601,2.0399224768242235,11.588297986870016,9489.555175790101,sim,32.26765316328271,nao,56.809181306982346,vermelho,alto
21,11.015887897613025,6.6427674720527925,28.20888905740711,8194.90761404582,sim,0.0,sim,62.52045181937457,laranja,baixo
31,62.18731655298858,0.922256169978275,5.836749695559029,6386.959421203,sim,50.652456730212045,nao,63.24164082173388,azul,medio
42,59.27777845570351,4.54876846461964,33.888953691370354,12000.992147456105,sim,14.487143409555387,nao,31.755837834743428,laranja,baixo
25,37.36857733867051,0.04116136603771814,26.200099851715432,6984.177452453863,sim,45.93072400476634,nao,44.24895768466972,azul,medio
31,98.73484222520317,1.0388750466424905,34.68251888352718,10539.940048908065,sim,0.0,nao,0.7749506192774192,vermelho,baixo
44,25.530823753734015,2.0725229210181384,6.580348756293244,1783.411149259211,sim,60.0,nao,44.58484602514468,amarelo,alto
31,42.41312604922304,1.6827966393509488,7.591752984023536,841.4786632233405,sim,40.63370772456028,nao,3.0469040479455423,roxo,medio
19,14.039824681845115,1.8591676461936228,17.52210385196085,6784.505390425314,sim,60.0,nao,41.88508636238846,laranja,alto
41,2.314555910308296,0.37966705184811045,10.969994433029536,11879.025500707454,sim,48.935861675131534,sim,50.11656157415417,amarelo,alto
22,72.97054194502623,6.008970703797016,40.0,12074.653972425687,sim,23.202740967602445,sim,40.93108660152112,azul,baixo
33,15.114021971031457,2.205160808740808,2.464453083443321,1112.8992762245593,sim,60.0,sim,13.5249422751773,verde,alto
44,84.86761147733334,9.802768580784447,0.8977741529706487,6334.583301456188,sim,12.41121061398125,sim,62.42782901921268,roxo,baixo
27,11.628121254580815,1.8188078642398964,26.476004574587996,4022.898659988171,sim,16.533598838862346,nao,6.052888312328868,laranja,medio
33,15.378399637989368,4.5794220754677255,23.993432862720653,6735.457060960877,nao,37.00699158848866,sim,60.93407009709301,verde,medio
34,13.980374009110808,5.795381380912936,5.212577869868835,9303.077808645578,sim,22.713659826406545,sim,61.63577768591918,azul,medio
24,100.0,6.843063266554836,20.750389199129774,13255.365869461937,sim,28.1625481267981,nao,25.04401160505175,amarelo,baixo
29,49.99668692861751,10.0,20.506996838554212,3020.621622528961,sim,0.0,nao,13.70359662573363,amarelo,baixo
22,56.779944126227065,9.823412406308009,29.35093671530189,12720.34491491089,sim,14.665616532826387,nao,37.933143701758915,vermelho,baixo
36,17.204605927871224,6.45944201453409,19.277279068415687,7503.258165597375,sim,58.527399073812305,nao,58.2023384180076,laranja,medio
42,24.76893967643239,6.704855705426367,23.055580935713735,11685.557040397336,sim,58.21108650609606,sim,21.161264319107058,azul,medio
32,27.715614347677576,0.980565498467264,13.042464910608757,2131.348273166904,sim,55.62814884857693,sim,77.49396844594857,verde,alto
17,83.7170245792156,0.5186577880337165,27.838621295818367,3095.0013202593746,sim,0.0,nao,0.4323938938135896,vermelho,baixo
42,14.41380380821073,3.9500677939592803,10.00890618261483,4814.988792018421,nao,57.501751165112346,nao,55.504444557392944,roxo,alto
30,25.990947305710534,2.294944940085065,8.318147322938817,3124.309980807281,sim,46.66192095449087,sim,19.981772995721585,azul,alto
39,67.92446525928915,6.751284577570523,8.406972295633738,7535.572760668238,sim,14.165863907735112,sim,14.613790739173451,vermelho,baixo
38,17.13257899760431,1.557221320228206,9.618076628979697,8108.1377293438645,sim,60.0,nao,11.030821548480834,amarelo,alto
17,62.352861754687595,0.001900188607076636,3.3691303323365753,4011.2881325771586,sim,46.328960152864276,nao,1.8825995531279016,roxo,medio
44,12.863310587201163,4.487180740231019,5.4229487300036965,8000.125674889263,sim,52.81255795256268,nao,13.2720819496629,vermelho,alto
35,74.6873531272028,2.7550698563538663,19.47223976383179,14110.416777865275,nao,40.065272815731824,nao,25.40436638956014,verde,medio
17,59.96528481896367,2.4956159239610436,6.979366156880429,4014.1912196491003,sim,44.92862845466791,nao,79.7252525031186,verde,medio
44,52.02248850968905,2.7129193978434336,25.18871927385011,8604.547820808728,nao,8.599996230307358,sim,2.180000956065209,roxo,baixo
28,51.3428660909875,0.008235838765067172,0.009975183614682193,2609.8462238047396,sim,37.71060887650662,sim,22.22761305652524,roxo,medio
22,100.0,7.70405084232545,27.104174889237388,8780.298434028657,sim,1.4856608299725504,sim,64.22809671964367,verde,baixo
33,65.86655006093942,5.902846135252201,5.55685339642229,14723.338872415705,sim,60.0,nao,61.44043482505677,azul,medio
38,54.10925368993252,8.228863125193781,7.955157643085259,11508.32906048953,sim,30.323362325135207,sim,12.142032788088164,verde,baixo
19,17.751389526155904,0.8526298410293949,28.900404984611974,12516.855480858836,sim,43.60550184660373,nao,64.39709843194036,azul,medio
44,6.59010834319926,1.2715062662140522,0.5306342883977166,10849.174233894786,sim,34.870963889007534,nao,61.72096495987901,verde,medio
17,93.7555260565443,6.506431129615445,5.372065770448815,3332.8906971640836,sim,39.08160494832158,nao,10.592369079716368,laranja,baixo
34,5.767070903644047,6.40901174223555,40.0,4687.836566700313,sim,6.532876353169005,nao,52.33281234288788,vermelho,baixo
24,41.52772892593505,7.796378121590959,6.7410353091804005,2757.0851680611427,sim,55.544136355502545,sim,68.5753325647671,amarelo,medio
17,38.272035405058254,0.17114055410264561,10.79811679004425,7478.530568245356,sim,60.0,sim,44.752434058188555,verde,alto
39,68.77810191088663,7.492473868226043,13.824259106024302,13731.607427978983,sim,35.88805834755664,nao,75.28386080307017,azul,baixo
23,18.768852038689804,7.294819270743718,9.66284106658006,2300.8474146690924,sim,60.0,sim,18.102020065327984,verde,medio
23,39.61194159721865,10.0,33.28874763906463,3197.729734823143,nao,3.750317072849727,nao,47.361347423125025,azul,baixo
26,46.97785322418023,9.163175020436316,21.766192324444635,10155.315995989002,sim,2.2200282663610906,nao,44.03774216823524,verde,baixo
25,100.0,6.153301767737073,38.23821553061914,10398.948313326246,sim,49.54653736248674,sim,26.568782664649966,vermelho,baixo
36,13.89653632901657,4.911652575400408,1.169092282171078,5680.017335049263,nao,60.0,sim,52.89125427429572,verde,alto
40,20.36571868648064,0.8177013138015967,20.111563750632367,10158.304585692267,sim,22.837422321294213,nao,17.844964923420548,verde,medio
21,5.8641928676810195,4.0752721420122855,14.657978366826836,9838.167244897988,nao,57.70604284513993,sim,45.23359740861939,laranja,alto
44,100.0,1.314073950640409,32.01858514099663,4502.128858862815,sim,0.0,nao,4.142871098625349,laranja,baixo
20,13.21393925123656,4.0997345870405,3.235284227042192,8996.946176914305,sim,32.065923646560044,sim,64.98064967922735,roxo,alto
17,17.261125725457706,2.310486453828303,12.37896386015443,8258.404556786274,sim,60.0,nao,65.26155237080857,roxo,alto
29,64.20440784538926,1.998164966037018,16.313839942092994,13631.23138972449,sim,,nao,59.080470280841496,azul,baixo
39,31.19398354251152,7.941442673124866,28.202910578946394,1433.2476988960539,sim,8.992979916072198,sim,44.22098944268665,roxo,baixo
40,120.0,1.9914369198781778,5.112899956185446,2389.4901637057305,sim,60.0,nao,62.473548510887234,roxo,alto
40,89.51694306584616,8.887461970193252,,8363.99759201408,sim,34.43756893366223,sim,41.857044397669995,roxo,baixo
19,72.73222572670063,6.060777106436413,9.97268769077675,14741.541444300912,sim,33.31575365094076,sim,5.335510512435908,roxo,baixo
32,71.67336987065167,5.481783525799235,23.210322262277394,2470.544631862418,sim,0.0,nao,79.31628542742337,verde,baixo
35,100.0,3.5978308498142564,34.044040234430106,11200.771992100876,sim,4.827893279683515,nao,9.768921273943034,laranja,baixo
37,15.780871944325193,0.3888267203947854,11.929709499708432,899.814694153392,sim,27.109541526104035,sim,22.986137320712157,laranja,alto
28,15.530735359594889,1.5729827840470545,3.368887702854393,13901.247424846613,nao,60.0,nao,60.72695460445107,laranja,alto
43,63.15685612640322,0.9955004583748508,6.907385052836099,8754.58806892375,sim,36.94508470065681,nao,11.471629600871402,azul,medio
34,100.0,2.342564366677153,25.04501201981284,12701.761006437328,sim,14.884149618048262,sim,77.3238013241666,vermelho,baixo
23,23.40598129301888,2.405309419220432,19.534504773251577,14247.911025889867,sim,60.0,sim,35.56226024401277,amarelo,alto
29,15.15286262227663,3.7852963380561166,7.84787443056949,4125.419144779897,sim,60.0,sim,10.828434797862725,azul,alto
41,12.349923689297402,8.301707721159753,31.93222818160628,10405.25434520517,nao,3.314027647062371,nao,33.19683488637444,laranja,baixo
20,40.9875852547854,10.0,21.67671029155781,12136.487472785462,sim,0.0,nao,52.03401990590915,vermelho,baixo
36,89.95394784103048,10.0,40.0,2121.0329077323863,sim,6.9982857454958385,nao,26.065876861638777,verde,baixo
35,61.22893014097967,3.071711119357806,19.13955617379893,6886.553766980755,sim,54.40968212568779,nao,22.31504608587814,amarelo,medio
38,52.269379189786115,2.8123212890737506,9.851436836552432,10825.469908829149,nao,52.37159097780152,sim,20.7510720594557,verde,medio
43,100.0,8.2823296887714,12.19718725341109,3779.7563269610137,sim,0.0,nao,27.24358683839175,vermelho,baixo
31,78.85335942002001,10.0,38.702511410937696,7591.225182978117,nao,20.881017027286337,sim,66.76727620762176,vermelho,baixo
44,54.38890161945972,5.994957675256048,40.0,1315.2842411117306,sim,38.98464709790184,nao,17.30004225492231,azul,baixo
22,98.5033767784023,8.667536591580971,29.908494225824498,6597.950067184206,nao,16.59839057103052,nao,55.57230182481403,vermelho,baixo
39,24.201479120818775,20.0,19.515349433751474,10706.922910785066,sim,33.234236270685756,sim,42.8294352945321,laranja,medio
23,13.505045426197391,1.844553566440152,10.232700734226617,3577.6516772321133,sim,23.229021608398245,nao,14.676192092018345,roxo,medio
43,15.542073675604236,5.293241400644333,23.80221774443512,8540.498501301936,nao,42.86708166299917,nao,78.81396440725398,laranja,medio
24,50.816513076974225,8.289350607570826,20.626308369865225,11332.311273483607,sim,0.0,nao,25.326940792692092,vermelho,baixo
23,12.456532375651769,0.16939580123297493,1.630529791048534,3024.265805028078,sim,60.0,sim,16.3397407129734,amarelo,alto
23,100.0,6.438209591551538,27.68902201309016,10479.706650103006,sim,45.44161222554397,nao,78.1435498262069,laranja,baixo
36,52.61689476217043,9.5081865198044,40.0,7835.419869145941,nao,21.633959645234757,nao,20.315021753895692,vermelho,baixo
17,86.59158609015326,10.0,100.0,1454.9546135674204,sim,14.85205553430982,nao,43.58177815862311,amarelo,baixo
29,8.181783726778532,2.322992983179051,17.293207842808354,14263.13814643448,sim,60.0,nao,49.314254189749605,azul,alto
41,14.41975773667706,10.0,33.969677000341164,7701.420142281067,sim,0.0,sim,46.11779500462031,vermelho,baixo
35,27.69228611324221,0.5250091565921036,17.82872251685324,7602.794896067587,nao,30.933404502509415,sim,18.082655743092168,azul,medio
20,97.34450120832035,6.146242749458339,24.222265965052923,5344.8496217979655,sim,15.882838926444482,nao,71.94082871397516,amarelo,baixo
29,100.0,5.286337396753008,19.781824620105482,13713.340726519225,sim,8.530065440440453,nao,4.044735036763116,azul,baixo
28,2.3277438203377443,3.0394719689712932,3.2799896197899447,11911.285928807918,sim,56.18385837023099,sim,71.81948532077803,laranja,alto
44,20.150436151898052,7.013323022899596,2.6111688776297592,8504.150408215006,sim,44.93099380555539,sim,49.5017661632804,verde,medio
30,0.32530792971956046,10.0,18.969507395515535,12529.75453366532,sim,7.756573331519398,nao,66.59337467282022,roxo,baixo
41,25.952913611663043,0.7867032985126299,3.186080412379606,12433.422489174749,sim,60.0,nao,,azul,alto
34,25.241566116654486,6.405998171888969,13.114961664504797,5661.84763167636,sim,55.7865018160785,nao,72.57991554851246,vermelho,medio
21,64.3908775184799,9.800225633490589,30.184700349267082,5339.269020655735,nao,44.67009711080475,sim,62.781574545999035,vermelho,baixo
23,100.0,6.421745734706775,3.3600673518924795,1157.0158075372726,sim,48.82613421622231,nao,39.94423568114602,verde,baixo
35,7.061774120142009,1.3241065394237905,14.798305403513986,9554.296121910185,sim,60.0,sim,22.060592355302504,laranja,medio
19,4.675602188343109,2.021192751687081,12.284335590156118,14958.509830559597,sim,32.33202350951316,nao,46.49563389767653,vermelho,medio
38,1.6638556522726222,3.340048672223137,24.472459305128428,12042.139836037593,sim,22.26643443697281,sim,53.22921667351235,vermelho,medio
43,68.28977629988971,4.850270586900894,8.649243602643391,12555.730929574855,sim,0.0,sim,11.288607521708087,azul,baixo
27,99.34428045451064,6.819073410476448,2.141541754522127,11396.143056242108,sim,0.56572827983568,nao,69.07725842731706,amarelo,baixo
34,72.23224746491522,10.0,13.77456325631014,5235.357246774292,sim,19.882423583412137,nao,64.54060510313009,roxo,baixo
20,28.29443124209819,2.178414837762396,15.378456156174154,14504.84233820335,sim,60.0,nao,23.04042767392329,amarelo,medio
40,96.70378640893722,0.9671295813818234,32.653402744177065,5271.8581583041405,nao,0.0,sim,6.4830888372045425,vermelho,baixo
42,70.79470765651632,0.6058641137381288,33.623507497988726,2185.3876453980565,sim,0.0,sim,41.88804377220894,verde,baixo
31,84.98174346998397,8.420122652279217,19.46343189126922,11244.179612123035,sim,48.345199942406204,nao,6.144595285542502,amarelo,baixo
32,6.921793967155956,3.70704598572496,17.78435974960268,9293.199337040056,sim,50.240531522939534,sim,1.974732577966769,vermelho,medio
30,64.7832764535404,8.615358849664755,100.0,4656.276459464766,sim,17.903314898038662,nao,42.02067350252666,vermelho,baixo
33,72.29291110813428,2.524371038431025,33.280154275519514,3884.36918721519,sim,90.0,sim,16.87089821446305,vermelho,baixo
19,23.39064423796615,0.3249320474144701,8.915818291544578,6442.815744891494,sim,60.0,nao,56.110662844775206,laranja,alto
41,93.42863268609013,10.0,7.760364453409158,3140.510389924021,sim,36.589358159061085,sim,0.014922253653049111,verde,baixo
44,26.071441086201265,,11.00868237614402,8186.705430172074,sim,15.058078876681023,nao,53.82777067908358,laranja,medio
40,4.4186241163189655,8.568242303382535,27.200405678252803,9666.841339898538,sim,12.886462484798688,nao,8.4473236781312,verde,baixo
37,39.18042114486035,1.557365855663787,8.065227222476636,1421.0458874955666,sim,49.680511375476996,sim,1.340504359390593,laranja,alto
36,25.71951482086952,4.170082497443319,25.940585761006204,10053.684445631248,sim,60.0,nao,25.46096331085807,roxo,medio
19,25.640975003730116,1.985811542057215,9.969438760653267,13868.21997331559,nao,60.0,nao,60.95068894899551,roxo,medio
40,28.551298194213043,0.7962286913963224,10.5100924393728,8344.69459206644,sim,60.0,sim,24.2414005585624,roxo,alto
23,30.390156508606285,3.376288476405499,27.56033390980513,3263.417054576593,sim,60.0,sim,2.8744145748778394,amarelo,medio
39,56.28764435739851,3.5383900990472825,6.866838145398408,1854.2203964350874,nao,48.07835538924283,sim,72.61883465420101,vermelho,medio
21,41.70037789819384,1.0800102193696555,3.273288952972492,9128.003109079638,sim,40.40035893896474,sim,4.95085613443802,vermelho,medio
35,0.48812289272178067,0.0918381847027,5.5873542786943275,6579.0011168065475,sim,37.1305268071107,nao,13.003038997496628,vermelho,alto
45,96.2531098832081,4.561467790098623,4.705048154926639,10743.577824112199,nao,8.719041219585108,sim,45.29720126020933,verde,baixo
17,84.61012371559919,5.684149276590121,40.0,100.0,sim,0.8117452476888758,sim,75.86012302320634,verde,baixo
20,96.82955724609353,2.445829019924102,40.0,6139.099037166622,nao,0.0,nao,48.13457312146369,laranja,baixo
36,6.345857905699642,0.16423335121719174,0.417222785830762,2418.1842129433035,sim,60.0,nao,11.167909388784008,vermelho,alto
25,54.038704604359864,2.2511276846202146,5.114338145217526,5386.759017084237,sim,45.68819288066738,nao,49.1588622009305,verde,medio
17,36.0277561399766,3.7856809446506676,28.639800900999226,4162.337192221672,nao,46.33028599695259,nao,24.952952442936418,laranja,medio
18,87.13450128862176,10.0,40.0,14536.457724593509,sim,9.515234355473115,nao,40.36952196861564,verde,baixo
37,10.376481931335102,0.5513723149377503,8.965076590119414,14880.55540595789,sim,33.71235557859821,nao,63.48565236310413,amarelo,medio
24,61.828326583705305,4.41704203214937,40.0,11556.242764009727,sim,,nao,2.2275126061930717,vermelho,baixo
38,21.59124247658532,0.7682901908055634,7.741575206712616,6894.392826228268,sim,60.0,sim,74.45139810815678,vermelho,alto
38,34.52554087956016,2.4873244698994528,3.1232768958434787,14743.962504335263,sim,57.929569951187446,nao,55.23245775288576,laranja,alto
20,58.85011979582322,3.838250614852038,27.176733143632813,11439.828720280026,sim,60.0,nao,39.37858521459266,laranja,medio
45,93.78173781016979,10.0,32.13868706293367,4830.3639477339875,nao,42.89974893996276,sim,71.4908202676907,roxo,baixo
23,3.255058747362957,2.159289779137559,22.95572593667354,14000.560304834717,sim,60.0,nao,45.28573171585321,roxo,medio
32,100.0,2.9749158030259415,20.653296426318974,11297.98523933978,sim,6.862284882861694,nao,38.40379018480685,azul,baixo
25,95.57661308086527,1.2588773848098243,9.279190191844151,4428.005494109587,sim,0.4449005186857562,sim,0.10770167652509599,azul,baixo
31,92.13354017314064,10.0,80.0,6188.941227921004,sim,6.28992525091207,sim,53.89613868337251,roxo,baixo
25,63.75189047682409,10.0,39.25156663692409,11097.634781988949,sim,25.82574621120319,nao,67.00246672608445,azul,baixo
40,18.858182963384884,6.431815835207181,5.53755388611099,2061.531480243414,sim,60.0,nao,40.56659392482133,amarelo,medio
36,52.325068027269886,6.7026058822659635,0.4746327529674732,7063.224647161129,sim,60.0,nao,79.75273748714842,azul,medio
28,100.0,4.849595247362741,27.129962425083082,10781.79686189721,sim,12.841380869651946,nao,5.255369319172738,roxo,baixo
24,57.902513957117094,3.969709666134669,40.0,2570.939608141745,sim,1.467122569760157,nao,57.0276796688764,roxo,baixo
17,100.0,10.0,27.676739418967554,7709.686803861294,sim,35.22978203415312,nao,33.58789581490541,roxo,baixo
24,,7.6142881162254925,34.921039067877935,2372.627923529205,sim,2.373044305048392,nao,65.07475858594113,verde,baixo
31,41.80039253438368,5.813340609719388,16.23169894821525,8995.85352268321,sim,0.0,sim,20.98743734247566,vermelho,baixo
34,67.73502510271695,8.038393487455258,18.008731966628186,11010.89975242475,sim,22.10153027593597,nao,11.85739696794597,verde,baixo
26,8.583564788334966,3.7662311037372542,7.456972743778689,2104.5666054826347,sim,45.806172591788005,sim,17.356499669110363,vermelho,alto
31,24.964061767273506,0.4558224520309584,,4851.122804673893,sim,60.0,sim,50.24956249948574,amarelo,alto
32,82.53416605152995,8.600523447060628,12.003117836008627,5964.442371537191,nao,2.2414799443147224,sim,43.735706263707186,laranja,baixo
27,10.63751699856956,4.810493928820589,15.18688655845732,990.3172953367516,sim,60.0,nao,38.75129484806794,roxo,alto
33,9.161015636991854,4.837556318068889,13.61949654476489,7734.919731557729,sim,54.5245632371689,nao,46.37849329073536,laranja,alto
31,46.75417034630441,7.393643981563911,18.55006675808009,12624.062664728013,sim,0.0,nao,34.7016452814414,laranja,baixo
44,28.64716298931809,1.730082838224198,15.623408475738385,1364.6767028376876,sim,60.0,nao,49.59748518993314,roxo,alto
38,27.980488430687753,1.87217684860211,12.25888349731212,7359.646500727572,sim,60.0,sim,33.883833279351705,amarelo,alto
20,100.0,10.0,15.011650967593184,9118.504072801008,sim,18.950025214121638,nao,0.5005976821176183,azul,baixo
44,46.18883732924354,2.795095992394664,11.865455095470459,4469.729008143817,sim,60.0,nao,3.523230351077151,laranja,medio
37,68.222434049995,9.261122124615909,12.325448569633481,13316.601071385303,sim,39.60480608157482,nao,22.855967523581164,amarelo,baixo
18,100.0,10.0,26.789108857354044,2801.6267108091233,sim,27.8420282695271,nao,10.333955619448831,laranja,baixo
75,82.45986064839974,0.5610111892414905,0.06430734748929101,2643.5355751143898,sim,12.997054378532084,sim,6.5333820688077004,roxo,baixo
45,30.63887197019377,1.8404294642514714,8.920651447105168,9818.265303918006,nao,60.0,sim,21.742921286410333,vermelho,medio
39,50.15352380586945,6.548600454280253,0.46958101473661307,3084.044070199996,nao,7.714508149378531,nao,4.01715453523642,vermelho,baixo
